
<!--
This XML file (created on Thu Mar 16 14:09:59 2006) contains limited information
from the compilation of logic designs using Quartus II software (BUT NOT THE
LOGIC DESIGN FILES) that will be transmitted to Altera Corporation through
operation of the "TalkBack" feature.  To enable/disable this feature, run
qtb_install.exe located in your quartus/bin folder.  For more information, go
to www.altera.com/products/software/download/dnl-download_license.html
-->
<talkback>
<ver>5.1</ver>
<schema>quartus_version_5.1_build_176.xsd</schema><license>
	<host_id>0004615a8257</host_id>
	<nic_id>0004615a8257</nic_id>
	<cdrive_id>6c1257ae</cdrive_id>
</license>
<tool>
	<name>Quartus II</name>
	<version>5.1</version>
	<build>Build 176</build>
	<binary_type>32</binary_type>
	<acs_patches>
		<acs_patch>.15</acs_patch>
	</acs_patches>
	<module>quartus_eda.exe</module>
	<edition>Web Edition</edition>
	<compilation_end_time>Thu Mar 16 14:09:59 2006</compilation_end_time>
</tool>
<machine>
	<os>Windows XP</os>
	<cpu>
		<proc_count>1</proc_count>
		<cpu_freq units="MHz">1503</cpu_freq>
	</cpu>
	<ram units="MB">512</ram>
</machine>
<top_file>C:/altera/FPGA_course/ex7/seven_segment_exercise</top_file>
<mep_data>
	<command_line>quartus_eda --read_settings_files=off --write_settings_files=off seven_segment_exercise -c seven_segment_exercise</command_line>
</mep_data>
<software_data>
	<smart_recompile>off</smart_recompile>
</software_data>
<messages>
	<info>Info: Quartus II EDA Netlist Writer was successful. 0 errors, 0 warnings</info>
	<info>Info: Elapsed time: 00:00:00</info>
	<info>Info: Processing ended: Thu Mar 16 14:09:58 2006</info>
	<info>Info: Command: quartus_eda --read_settings_files=off --write_settings_files=off seven_segment_exercise -c seven_segment_exercise</info>
	<info>Info: Running Quartus II EDA Netlist Writer</info>
</messages>
</talkback>
