
<!--
This XML file (created on Thu Mar 16 14:09:51 2006) contains limited information
from the compilation of logic designs using Quartus II software (BUT NOT THE
LOGIC DESIGN FILES) that will be transmitted to Altera Corporation through
operation of the "TalkBack" feature.  To enable/disable this feature, run
qtb_install.exe located in your quartus/bin folder.  For more information, go
to www.altera.com/products/software/download/dnl-download_license.html
-->
<talkback>
<ver>5.1</ver>
<schema>quartus_version_5.1_build_176.xsd</schema><license>
	<host_id>0004615a8257</host_id>
	<nic_id>0004615a8257</nic_id>
	<cdrive_id>6c1257ae</cdrive_id>
</license>
<tool>
	<name>Quartus II</name>
	<version>5.1</version>
	<build>Build 176</build>
	<binary_type>32</binary_type>
	<acs_patches>
		<acs_patch>.15</acs_patch>
	</acs_patches>
	<module>quartus_asm.exe</module>
	<edition>Web Edition</edition>
	<compilation_end_time>Thu Mar 16 14:09:51 2006</compilation_end_time>
</tool>
<machine>
	<os>Windows XP</os>
	<cpu>
		<proc_count>1</proc_count>
		<cpu_freq units="MHz">1503</cpu_freq>
	</cpu>
	<ram units="MB">512</ram>
</machine>
<top_file>C:/altera/FPGA_course/ex7/seven_segment_exercise</top_file>
<mep_data>
	<command_line>quartus_asm --read_settings_files=off --write_settings_files=off seven_segment_exercise -c seven_segment_exercise</command_line>
</mep_data>
<software_data>
	<smart_recompile>off</smart_recompile>
</software_data>
<messages>
	<info>Info: Quartus II Assembler was successful. 0 errors, 0 warnings</info>
	<info>Info: Elapsed time: 00:00:04</info>
	<info>Info: Processing ended: Thu Mar 16 14:09:51 2006</info>
	<info>Info: Command: quartus_asm --read_settings_files=off --write_settings_files=off seven_segment_exercise -c seven_segment_exercise</info>
	<info>Info: Running Quartus II Assembler</info>
</messages>
<assembler_settings>
	<row>
		<option>Use smart compilation</option>
		<setting>Off</setting>
		<default_value>Off</default_value>
	</row>
	<row>
		<option>Generate Serial Vector Format File (.svf) for Target Device</option>
		<setting>Off</setting>
		<default_value>Off</default_value>
	</row>
	<row>
		<option>Generate a JEDEC STAPL Format File (.jam) for Target Device</option>
		<setting>Off</setting>
		<default_value>Off</default_value>
	</row>
	<row>
		<option>Generate an uncompressed Jam STAPL Byte Code 2.0 File (.jbc) for Target Device</option>
		<setting>Off</setting>
		<default_value>Off</default_value>
	</row>
	<row>
		<option>Generate a compressed Jam STAPL Byte Code 2.0 File (.jbc) for Target Device</option>
		<setting>On</setting>
		<default_value>On</default_value>
	</row>
	<row>
		<option>Generate compressed bitstreams</option>
		<setting>On</setting>
		<default_value>On</default_value>
	</row>
	<row>
		<option>Compression mode</option>
		<setting>Off</setting>
		<default_value>Off</default_value>
	</row>
	<row>
		<option>Clock source for configuration device</option>
		<setting>Internal</setting>
		<default_value>Internal</default_value>
	</row>
	<row>
		<option>Clock frequency of the configuration device</option>
		<setting units="MHz">10</setting>
		<default_value units="MHz">10</default_value>
	</row>
	<row>
		<option>Divide clock frequency by</option>
		<setting>1</setting>
		<default_value>1</default_value>
	</row>
	<row>
		<option>JTAG user code for target device</option>
		<setting>Ffffffff</setting>
		<default_value>Ffffffff</default_value>
	</row>
	<row>
		<option>Auto user code</option>
		<setting>Off</setting>
		<default_value>Off</default_value>
	</row>
	<row>
		<option>Use configuration device</option>
		<setting>On</setting>
		<default_value>On</default_value>
	</row>
	<row>
		<option>Configuration device</option>
		<setting>Auto</setting>
		<default_value>Auto</default_value>
	</row>
	<row>
		<option>JTAG user code for configuration device</option>
		<setting>Ffffffff</setting>
		<default_value>Ffffffff</default_value>
	</row>
	<row>
		<option>Configuration device auto user code</option>
		<setting>Off</setting>
		<default_value>Off</default_value>
	</row>
	<row>
		<option>Auto-increment JTAG user code for multiple configuration devices</option>
		<setting>On</setting>
		<default_value>On</default_value>
	</row>
	<row>
		<option>Generate Tabular Text File (.ttf) For Target Device</option>
		<setting>Off</setting>
		<default_value>Off</default_value>
	</row>
	<row>
		<option>Generate Raw Binary File (.rbf) For Target Device</option>
		<setting>Off</setting>
		<default_value>Off</default_value>
	</row>
	<row>
		<option>Generate Hexadecimal (Intel-Format) Output File (.hexout) for Target Device</option>
		<setting>Off</setting>
		<default_value>Off</default_value>
	</row>
	<row>
		<option>Hexadecimal Output File start address</option>
		<setting>0</setting>
		<default_value>0</default_value>
	</row>
	<row>
		<option>Hexadecimal Output File count direction</option>
		<setting>Up</setting>
		<default_value>Up</default_value>
	</row>
	<row>
		<option>Release clears before tri-states</option>
		<setting>Off</setting>
		<default_value>Off</default_value>
	</row>
	<row>
		<option>Auto-restart configuration after error</option>
		<setting>On</setting>
		<default_value>On</default_value>
	</row>
</assembler_settings>
</talkback>
