
<!--
This XML file (created on Thu Mar 16 14:09:30 2006) contains limited information
from the compilation of logic designs using Quartus II software (BUT NOT THE
LOGIC DESIGN FILES) that will be transmitted to Altera Corporation through
operation of the "TalkBack" feature.  To enable/disable this feature, run
qtb_install.exe located in your quartus/bin folder.  For more information, go
to www.altera.com/products/software/download/dnl-download_license.html
-->
<talkback>
<ver>5.1</ver>
<schema>quartus_version_5.1_build_176.xsd</schema><license>
	<host_id>0004615a8257</host_id>
	<nic_id>0004615a8257</nic_id>
	<cdrive_id>6c1257ae</cdrive_id>
</license>
<tool>
	<name>Quartus II</name>
	<version>5.1</version>
	<build>Build 176</build>
	<binary_type>32</binary_type>
	<acs_patches>
		<acs_patch>.15</acs_patch>
	</acs_patches>
	<module>quartus_map.exe</module>
	<edition>Web Edition</edition>
	<compilation_end_time>Thu Mar 16 14:09:30 2006</compilation_end_time>
</tool>
<machine>
	<os>Windows XP</os>
	<cpu>
		<proc_count>1</proc_count>
		<cpu_freq units="MHz">1503</cpu_freq>
	</cpu>
	<ram units="MB">512</ram>
</machine>
<top_file>C:/altera/FPGA_course/ex7/seven_segment_exercise</top_file>
<eda_tools>
	<eda_tool type="eda_board_design">Symbol Generation (FPGA Xchange)</eda_tool>
</eda_tools>
<mep_data>
	<command_line>quartus_map --read_settings_files=on --write_settings_files=off seven_segment_exercise -c seven_segment_exercise</command_line>
</mep_data>
<software_data>
	<smart_recompile>off</smart_recompile>
</software_data>
<messages>
	<warning>Warning: Output pins are stuck at VCC or GND</warning>
	<warning>Warning: Pin &quot;DIG_4&quot; stuck at VCC</warning>
	<info>Info: Quartus II Analysis &amp; Synthesis was successful. 0 errors, 2 warnings</info>
	<info>Info: Elapsed time: 00:00:06</info>
	<info>Info: Processing ended: Thu Mar 16 14:09:30 2006</info>
	<info>Info: Implemented 87 device resources after synthesis - the final resource count might be different</info>
	<info>Info: Implemented 67 logic cells</info>
</messages>
<analysis___synthesis_settings>
	<row>
		<option>Device</option>
		<setting>EP1C12F256C7</setting>
	</row>
	<row>
		<option>Top-level entity name</option>
		<setting>seven_segment_exercise</setting>
		<default_value>seven_segment_exercise</default_value>
	</row>
	<row>
		<option>Family name</option>
		<setting>Cyclone</setting>
		<default_value>Stratix</default_value>
	</row>
	<row>
		<option>Use smart compilation</option>
		<setting>Off</setting>
		<default_value>Off</default_value>
	</row>
	<row>
		<option>Restructure Multiplexers</option>
		<setting>Auto</setting>
		<default_value>Auto</default_value>
	</row>
	<row>
		<option>Create Debugging Nodes for IP Cores</option>
		<setting>Off</setting>
		<default_value>Off</default_value>
	</row>
	<row>
		<option>Preserve fewer node names</option>
		<setting>On</setting>
		<default_value>On</default_value>
	</row>
	<row>
		<option>Disable OpenCore Plus hardware evaluation</option>
		<setting>Off</setting>
		<default_value>Off</default_value>
	</row>
	<row>
		<option>Verilog Version</option>
		<setting>Verilog_2001</setting>
		<default_value>Verilog_2001</default_value>
	</row>
	<row>
		<option>VHDL Version</option>
		<setting>VHDL93</setting>
		<default_value>VHDL93</default_value>
	</row>
	<row>
		<option>State Machine Processing</option>
		<setting>Auto</setting>
		<default_value>Auto</default_value>
	</row>
	<row>
		<option>Extract Verilog State Machines</option>
		<setting>On</setting>
		<default_value>On</default_value>
	</row>
	<row>
		<option>Extract VHDL State Machines</option>
		<setting>On</setting>
		<default_value>On</default_value>
	</row>
	<row>
		<option>Add Pass-Through Logic to Inferred RAMs</option>
		<setting>On</setting>
		<default_value>On</default_value>
	</row>
	<row>
		<option>NOT Gate Push-Back</option>
		<setting>On</setting>
		<default_value>On</default_value>
	</row>
	<row>
		<option>Power-Up Don&apos;t Care</option>
		<setting>On</setting>
		<default_value>On</default_value>
	</row>
	<row>
		<option>Remove Redundant Logic Cells</option>
		<setting>Off</setting>
		<default_value>Off</default_value>
	</row>
	<row>
		<option>Remove Duplicate Registers</option>
		<setting>On</setting>
		<default_value>On</default_value>
	</row>
	<row>
		<option>Ignore CARRY Buffers</option>
		<setting>Off</setting>
		<default_value>Off</default_value>
	</row>
	<row>
		<option>Ignore CASCADE Buffers</option>
		<setting>Off</setting>
		<default_value>Off</default_value>
	</row>
	<row>
		<option>Ignore GLOBAL Buffers</option>
		<setting>Off</setting>
		<default_value>Off</default_value>
	</row>
	<row>
		<option>Ignore ROW GLOBAL Buffers</option>
		<setting>Off</setting>
		<default_value>Off</default_value>
	</row>
	<row>
		<option>Ignore LCELL Buffers</option>
		<setting>Off</setting>
		<default_value>Off</default_value>
	</row>
	<row>
		<option>Ignore SOFT Buffers</option>
		<setting>On</setting>
		<default_value>On</default_value>
	</row>
	<row>
		<option>Limit AHDL Integers to 32 Bits</option>
		<setting>Off</setting>
		<default_value>Off</default_value>
	</row>
	<row>
		<option>Optimization Technique -- Cyclone</option>
		<setting>Balanced</setting>
		<default_value>Balanced</default_value>
	</row>
	<row>
		<option>Carry Chain Length -- Stratix/Stratix GX/Cyclone/MAX II/Cyclone II</option>
		<setting>70</setting>
		<default_value>70</default_value>
	</row>
	<row>
		<option>Auto Carry Chains</option>
		<setting>On</setting>
		<default_value>On</default_value>
	</row>
	<row>
		<option>Auto Open-Drain Pins</option>
		<setting>On</setting>
		<default_value>On</default_value>
	</row>
	<row>
		<option>Remove Duplicate Logic</option>
		<setting>On</setting>
		<default_value>On</default_value>
	</row>
	<row>
		<option>Perform WYSIWYG Primitive Resynthesis</option>
		<setting>Off</setting>
		<default_value>Off</default_value>
	</row>
	<row>
		<option>Perform gate-level register retiming</option>
		<setting>Off</setting>
		<default_value>Off</default_value>
	</row>
	<row>
		<option>Allow register retiming to trade off Tsu/Tco with Fmax</option>
		<setting>On</setting>
		<default_value>On</default_value>
	</row>
	<row>
		<option>Auto ROM Replacement</option>
		<setting>On</setting>
		<default_value>On</default_value>
	</row>
	<row>
		<option>Auto RAM Replacement</option>
		<setting>On</setting>
		<default_value>On</default_value>
	</row>
	<row>
		<option>Auto Shift Register Replacement</option>
		<setting>On</setting>
		<default_value>On</default_value>
	</row>
	<row>
		<option>Auto Clock Enable Replacement</option>
		<setting>On</setting>
		<default_value>On</default_value>
	</row>
	<row>
		<option>Allow Synchronous Control Signals</option>
		<setting>On</setting>
		<default_value>On</default_value>
	</row>
	<row>
		<option>Force Use of Synchronous Clear Signals</option>
		<setting>Off</setting>
		<default_value>Off</default_value>
	</row>
	<row>
		<option>Auto RAM Block Balancing</option>
		<setting>On</setting>
		<default_value>On</default_value>
	</row>
	<row>
		<option>Auto Resource Sharing</option>
		<setting>Off</setting>
		<default_value>Off</default_value>
	</row>
	<row>
		<option>Allow Any RAM Size For Recognition</option>
		<setting>Off</setting>
		<default_value>Off</default_value>
	</row>
	<row>
		<option>Allow Any ROM Size For Recognition</option>
		<setting>Off</setting>
		<default_value>Off</default_value>
	</row>
	<row>
		<option>Allow Any Shift Register Size For Recognition</option>
		<setting>Off</setting>
		<default_value>Off</default_value>
	</row>
	<row>
		<option>Maximum Number of M512 Memory Blocks</option>
		<setting>-1</setting>
		<default_value>-1</default_value>
	</row>
	<row>
		<option>Maximum Number of M4K Memory Blocks</option>
		<setting>-1</setting>
		<default_value>-1</default_value>
	</row>
	<row>
		<option>Maximum Number of M-RAM Memory Blocks</option>
		<setting>-1</setting>
		<default_value>-1</default_value>
	</row>
	<row>
		<option>Ignore translate_off and translate_on Synthesis Directives</option>
		<setting>Off</setting>
		<default_value>Off</default_value>
	</row>
	<row>
		<option>Show Parameter Settings Tables in Synthesis Report</option>
		<setting>On</setting>
		<default_value>On</default_value>
	</row>
	<row>
		<option>Ignore Maximum Fan-Out Assignments</option>
		<setting>Off</setting>
		<default_value>Off</default_value>
	</row>
	<row>
		<option>Retiming Meta-Stability Register Sequence Length</option>
		<setting>2</setting>
		<default_value>2</default_value>
	</row>
	<row>
		<option>PowerPlay Power Optimization</option>
		<setting>Normal compilation</setting>
		<default_value>Normal compilation</default_value>
	</row>
	<row>
		<option>HDL message level</option>
		<setting>Level2</setting>
		<default_value>Level2</default_value>
	</row>
</analysis___synthesis_settings>
<general_register_statistics>
	<row>
		<statistic>Total registers</statistic>
		<value>19</value>
	</row>
	<row>
		<statistic>Number of registers using Synchronous Clear</statistic>
		<value>0</value>
	</row>
	<row>
		<statistic>Number of registers using Synchronous Load</statistic>
		<value>0</value>
	</row>
	<row>
		<statistic>Number of registers using Asynchronous Clear</statistic>
		<value>0</value>
	</row>
	<row>
		<statistic>Number of registers using Asynchronous Load</statistic>
		<value>0</value>
	</row>
	<row>
		<statistic>Number of registers using Clock Enable</statistic>
		<value>0</value>
	</row>
	<row>
		<statistic>Number of registers using Preset</statistic>
		<value>0</value>
	</row>
</general_register_statistics>
<compilation_summary>
	<flow_status>Successful - Thu Mar 16 14:09:30 2006</flow_status>
	<quartus_ii_version>5.1 Build 176 10/26/2005 SP 0.15 SJ Web Edition</quartus_ii_version>
	<revision_name>seven_segment_exercise</revision_name>
	<top_level_entity_name>seven_segment_exercise</top_level_entity_name>
	<family>Cyclone</family>
	<device>EP1C12F256C7</device>
	<timing_models>Final</timing_models>
	<met_timing_requirements>N/A</met_timing_requirements>
	<total_logic_elements>67</total_logic_elements>
	<total_pins>20</total_pins>
	<total_virtual_pins>0</total_virtual_pins>
	<total_memory_bits>0</total_memory_bits>
	<total_plls>0</total_plls>
</compilation_summary>
<compile_id>63C94B3F</compile_id>
</talkback>
